Code_Vung,District_Name,Water_Area_km2,Urban_Area_km2,Agriculture_Area_km2,Greenery_Area_km2,Bare_Land_Area_km2,Total_LULC_Area_km2
01001,Ba Dinh,1.206661455040993,6.701469900842655,0.4312343152170325,2.3056927293869185,0.8107621264960849,11.455820526983684
01002,Hoan Kiem,0.7958438454979954,3.584025315525967,0.1262338104830268,1.0096357099056403,0.4117486515054759,5.927487332918105
01003,Tay Ho,8.609084208988813,8.866474394121706,2.1188243951128047,6.567147143955766,1.5579545752697788,27.719484717448868
01004,Long Bien,7.3048975609404145,23.22001572126681,2.526641223047679,19.988859417425612,3.8576080468649554,56.89802196954547
01005,Cau Giay,0.664445290330429,9.285047314424808,1.334646731256742,1.542896600518964,3.0801275362303917,15.907163472761333
01006,Dong Da,0.33538287054966853,7.160684432776685,0.23279434410184935,0.46941515240223963,0.9510418412080945,9.149318641038539
01007,Hai Ba Trung,2.2008374171743412,8.451854101999706,0.17677873917089693,0.8318276696024437,1.2126188301893253,12.873916758136712
01008,Hoang Mai,4.767459106735343,18.458976416645246,1.8633163844896095,9.040710210428248,3.84798167505098,37.97844379334943
01009,Thanh Xuan,0.3996371518870899,5.627669321268308,0.2242930914671652,0.8189759666189634,1.2799212944262366,8.350496825667763
01016,Soc Son,11.752970423366005,52.88842726663633,89.95625206738049,140.31207455126886,9.139013301435625,304.0487376100873
01017,Dong Anh,13.132559275265107,49.71935766376425,46.1913878889598,72.58517722473476,8.833267732839397,190.46174978556334
01018,Gia Lam,12.292936669559353,30.37625191626969,17.24894809708056,53.50321922713174,4.966223874683797,118.38757978472513
01019,Tu Liem,5.278495439376798,29.06617241499688,7.534575278056627,25.912677016203958,6.925239023255598,74.71715917188986
01020,Thanh Tri,6.646518851006188,26.205738684427008,12.571747680103307,20.41970458489227,4.598338830876491,70.44204863130525
01250,Me Linh,13.799266653562539,27.40047234956156,38.69198975107203,58.60387517682393,5.108999736692014,143.60460366771207
01268,Ha Dong,0.9683280127697735,17.34068239444691,3.850327165346558,9.011274750047399,2.9963093842895527,34.1669217069002
01269,Son Tay,12.392277565062626,20.11538966009508,14.304291436747304,73.33794350182181,2.5939607587294082,122.74386292245623
01271,Ba Vi,39.580504724386394,43.31756777246598,63.31214898138062,265.57012809686603,7.38882241775456,419.1691719928536
01272,Phuc Tho,8.387209258504129,21.91099495268127,25.56255522305616,60.15503088515311,2.495531565943357,118.51132188533802
01273,Dan Phuong,8.742174901237489,18.44654496776095,6.6520267725738,36.897159075799635,2.0510426767218144,72.7889483940937
01274,Hoai Duc,1.4842531704228077,28.572135735086004,13.795940531359458,35.61473555303848,4.4774713423123,83.94453633221904
01275,Quoc Oai,8.339920591498354,25.899134462257205,45.18018624312699,67.50646252039927,4.326100967906004,151.25180478518783
01276,Thach That,5.094046975554952,29.988974972196683,32.12999941318597,100.74890576964688,4.87222293737969,172.83415006796417
01277,Chuong My,16.055127737528995,42.832199470217724,81.45281054525701,83.61757607410723,5.343276629072192,229.30099045618314
01278,Thanh Oai,7.686190277941712,27.332287109413222,60.97866641445232,26.247567250751562,3.717511272058933,125.96222232461774
01279,Thuong Tin,11.720279366753804,35.39172192586997,52.450622851900306,33.52352884368683,6.787585245312663,139.8737382335236
01280,Phu Xuyen,22.601905962418854,28.25356202773977,100.14077879398042,24.099251842961692,5.054640619753856,180.15013924685456
01281,Ung Hoa,19.78679078657204,25.025619539165383,112.26397154612323,17.377365622288927,4.6680049290353045,179.1217524231849
01282,My Duc,27.57725847986597,25.55461925414202,85.03232613335109,90.25530027546989,6.900224221432804,235.31972836426178
